infoset,action,probability
"R1 seat1 hand[B10] (bidding)",bid 0,2.18923e-07
"R1 seat1 hand[B10] (bidding)",bid 1,1
"R1 seat1 hand[B11] (bidding)",bid 0,2.18923e-07
"R1 seat1 hand[B11] (bidding)",bid 1,1
"R1 seat1 hand[B12] (bidding)",bid 0,2.18923e-07
"R1 seat1 hand[B12] (bidding)",bid 1,1
"R1 seat1 hand[B13] (bidding)",bid 0,2.18923e-07
"R1 seat1 hand[B13] (bidding)",bid 1,1
"R1 seat1 hand[B14] (bidding)",bid 0,2.18923e-07
"R1 seat1 hand[B14] (bidding)",bid 1,1
"R1 seat1 hand[B1] (bidding)",bid 0,1
"R1 seat1 hand[B1] (bidding)",bid 1,2.18923e-07
"R1 seat1 hand[B2] (bidding)",bid 0,1
"R1 seat1 hand[B2] (bidding)",bid 1,2.18923e-07
"R1 seat1 hand[B3] (bidding)",bid 0,1
"R1 seat1 hand[B3] (bidding)",bid 1,2.18923e-07
"R1 seat1 hand[B4] (bidding)",bid 0,1
"R1 seat1 hand[B4] (bidding)",bid 1,2.18923e-07
"R1 seat1 hand[B5] (bidding)",bid 0,2.18923e-07
"R1 seat1 hand[B5] (bidding)",bid 1,1
"R1 seat1 hand[B6] (bidding)",bid 0,2.18923e-07
"R1 seat1 hand[B6] (bidding)",bid 1,1
"R1 seat1 hand[B7] (bidding)",bid 0,2.18923e-07
"R1 seat1 hand[B7] (bidding)",bid 1,1
"R1 seat1 hand[B8] (bidding)",bid 0,2.18923e-07
"R1 seat1 hand[B8] (bidding)",bid 1,1
"R1 seat1 hand[B9] (bidding)",bid 0,2.18923e-07
"R1 seat1 hand[B9] (bidding)",bid 1,1
"R1 seat1 hand[Escape] (bidding)",bid 0,1
"R1 seat1 hand[Escape] (bidding)",bid 1,2.18923e-07
"R1 seat1 hand[G10] (bidding)",bid 0,1
"R1 seat1 hand[G10] (bidding)",bid 1,2.18923e-07
"R1 seat1 hand[G11] (bidding)",bid 0,1
"R1 seat1 hand[G11] (bidding)",bid 1,2.18923e-07
"R1 seat1 hand[G12] (bidding)",bid 0,1
"R1 seat1 hand[G12] (bidding)",bid 1,2.18923e-07
"R1 seat1 hand[G13] (bidding)",bid 0,1
"R1 seat1 hand[G13] (bidding)",bid 1,2.18923e-07
"R1 seat1 hand[G14] (bidding)",bid 0,1
"R1 seat1 hand[G14] (bidding)",bid 1,2.18923e-07
"R1 seat1 hand[G1] (bidding)",bid 0,1
"R1 seat1 hand[G1] (bidding)",bid 1,2.18923e-07
"R1 seat1 hand[G2] (bidding)",bid 0,1
"R1 seat1 hand[G2] (bidding)",bid 1,2.18923e-07
"R1 seat1 hand[G3] (bidding)",bid 0,1
"R1 seat1 hand[G3] (bidding)",bid 1,2.18923e-07
"R1 seat1 hand[G4] (bidding)",bid 0,1
"R1 seat1 hand[G4] (bidding)",bid 1,2.18923e-07
"R1 seat1 hand[G5] (bidding)",bid 0,1
"R1 seat1 hand[G5] (bidding)",bid 1,2.18923e-07
"R1 seat1 hand[G6] (bidding)",bid 0,1
"R1 seat1 hand[G6] (bidding)",bid 1,2.18923e-07
"R1 seat1 hand[G7] (bidding)",bid 0,1
"R1 seat1 hand[G7] (bidding)",bid 1,2.18923e-07
"R1 seat1 hand[G8] (bidding)",bid 0,1
"R1 seat1 hand[G8] (bidding)",bid 1,2.18923e-07
"R1 seat1 hand[G9] (bidding)",bid 0,1
"R1 seat1 hand[G9] (bidding)",bid 1,2.18923e-07
"R1 seat1 hand[Mermaid] (bidding)",bid 0,2.18923e-07
"R1 seat1 hand[Mermaid] (bidding)",bid 1,1
"R1 seat1 hand[P10] (bidding)",bid 0,1
"R1 seat1 hand[P10] (bidding)",bid 1,2.18923e-07
"R1 seat1 hand[P11] (bidding)",bid 0,1
"R1 seat1 hand[P11] (bidding)",bid 1,2.18923e-07
"R1 seat1 hand[P12] (bidding)",bid 0,1
"R1 seat1 hand[P12] (bidding)",bid 1,2.18923e-07
"R1 seat1 hand[P13] (bidding)",bid 0,1
"R1 seat1 hand[P13] (bidding)",bid 1,2.18923e-07
"R1 seat1 hand[P14] (bidding)",bid 0,1
"R1 seat1 hand[P14] (bidding)",bid 1,2.18923e-07
"R1 seat1 hand[P1] (bidding)",bid 0,1
"R1 seat1 hand[P1] (bidding)",bid 1,2.18923e-07
"R1 seat1 hand[P2] (bidding)",bid 0,1
"R1 seat1 hand[P2] (bidding)",bid 1,2.18923e-07
"R1 seat1 hand[P3] (bidding)",bid 0,1
"R1 seat1 hand[P3] (bidding)",bid 1,2.18923e-07
"R1 seat1 hand[P4] (bidding)",bid 0,1
"R1 seat1 hand[P4] (bidding)",bid 1,2.18923e-07
"R1 seat1 hand[P5] (bidding)",bid 0,1
"R1 seat1 hand[P5] (bidding)",bid 1,2.18923e-07
"R1 seat1 hand[P6] (bidding)",bid 0,1
"R1 seat1 hand[P6] (bidding)",bid 1,2.18923e-07
"R1 seat1 hand[P7] (bidding)",bid 0,1
"R1 seat1 hand[P7] (bidding)",bid 1,2.18923e-07
"R1 seat1 hand[P8] (bidding)",bid 0,1
"R1 seat1 hand[P8] (bidding)",bid 1,2.18923e-07
"R1 seat1 hand[P9] (bidding)",bid 0,1
"R1 seat1 hand[P9] (bidding)",bid 1,2.18923e-07
"R1 seat1 hand[Pirate] (bidding)",bid 0,2.18923e-07
"R1 seat1 hand[Pirate] (bidding)",bid 1,1
"R1 seat1 hand[SkullKing] (bidding)",bid 0,2.18923e-07
"R1 seat1 hand[SkullKing] (bidding)",bid 1,1
"R1 seat1 hand[Tigress] (bidding)",bid 0,2.18923e-07
"R1 seat1 hand[Tigress] (bidding)",bid 1,1
"R1 seat1 hand[Y10] (bidding)",bid 0,1
"R1 seat1 hand[Y10] (bidding)",bid 1,2.18923e-07
"R1 seat1 hand[Y11] (bidding)",bid 0,1
"R1 seat1 hand[Y11] (bidding)",bid 1,2.18923e-07
"R1 seat1 hand[Y12] (bidding)",bid 0,1
"R1 seat1 hand[Y12] (bidding)",bid 1,2.18923e-07
"R1 seat1 hand[Y13] (bidding)",bid 0,1
"R1 seat1 hand[Y13] (bidding)",bid 1,2.18923e-07
"R1 seat1 hand[Y14] (bidding)",bid 0,1
"R1 seat1 hand[Y14] (bidding)",bid 1,2.18923e-07
"R1 seat1 hand[Y1] (bidding)",bid 0,1
"R1 seat1 hand[Y1] (bidding)",bid 1,2.18923e-07
"R1 seat1 hand[Y2] (bidding)",bid 0,1
"R1 seat1 hand[Y2] (bidding)",bid 1,2.18923e-07
"R1 seat1 hand[Y3] (bidding)",bid 0,1
"R1 seat1 hand[Y3] (bidding)",bid 1,2.18923e-07
"R1 seat1 hand[Y4] (bidding)",bid 0,1
"R1 seat1 hand[Y4] (bidding)",bid 1,2.18923e-07
"R1 seat1 hand[Y5] (bidding)",bid 0,1
"R1 seat1 hand[Y5] (bidding)",bid 1,2.18923e-07
"R1 seat1 hand[Y6] (bidding)",bid 0,1
"R1 seat1 hand[Y6] (bidding)",bid 1,2.18923e-07
"R1 seat1 hand[Y7] (bidding)",bid 0,1
"R1 seat1 hand[Y7] (bidding)",bid 1,2.18923e-07
"R1 seat1 hand[Y8] (bidding)",bid 0,1
"R1 seat1 hand[Y8] (bidding)",bid 1,2.18923e-07
"R1 seat1 hand[Y9] (bidding)",bid 0,1
"R1 seat1 hand[Y9] (bidding)",bid 1,2.18923e-07
"R1 seat2 hand[B10] (bidding)",bid 0,2.18923e-07
"R1 seat2 hand[B10] (bidding)",bid 1,1
"R1 seat2 hand[B11] (bidding)",bid 0,2.18923e-07
"R1 seat2 hand[B11] (bidding)",bid 1,1
"R1 seat2 hand[B12] (bidding)",bid 0,2.18923e-07
"R1 seat2 hand[B12] (bidding)",bid 1,1
"R1 seat2 hand[B13] (bidding)",bid 0,2.18923e-07
"R1 seat2 hand[B13] (bidding)",bid 1,1
"R1 seat2 hand[B14] (bidding)",bid 0,2.18923e-07
"R1 seat2 hand[B14] (bidding)",bid 1,1
"R1 seat2 hand[B1] (bidding)",bid 0,1
"R1 seat2 hand[B1] (bidding)",bid 1,2.18923e-07
"R1 seat2 hand[B2] (bidding)",bid 0,1
"R1 seat2 hand[B2] (bidding)",bid 1,2.18923e-07
"R1 seat2 hand[B3] (bidding)",bid 0,1
"R1 seat2 hand[B3] (bidding)",bid 1,2.18923e-07
"R1 seat2 hand[B4] (bidding)",bid 0,1
"R1 seat2 hand[B4] (bidding)",bid 1,2.18923e-07
"R1 seat2 hand[B5] (bidding)",bid 0,2.18923e-07
"R1 seat2 hand[B5] (bidding)",bid 1,1
"R1 seat2 hand[B6] (bidding)",bid 0,2.18923e-07
"R1 seat2 hand[B6] (bidding)",bid 1,1
"R1 seat2 hand[B7] (bidding)",bid 0,2.18923e-07
"R1 seat2 hand[B7] (bidding)",bid 1,1
"R1 seat2 hand[B8] (bidding)",bid 0,2.18923e-07
"R1 seat2 hand[B8] (bidding)",bid 1,1
"R1 seat2 hand[B9] (bidding)",bid 0,2.18923e-07
"R1 seat2 hand[B9] (bidding)",bid 1,1
"R1 seat2 hand[Escape] (bidding)",bid 0,1
"R1 seat2 hand[Escape] (bidding)",bid 1,2.18923e-07
"R1 seat2 hand[G10] (bidding)",bid 0,1
"R1 seat2 hand[G10] (bidding)",bid 1,2.18923e-07
"R1 seat2 hand[G11] (bidding)",bid 0,1
"R1 seat2 hand[G11] (bidding)",bid 1,2.18923e-07
"R1 seat2 hand[G12] (bidding)",bid 0,1
"R1 seat2 hand[G12] (bidding)",bid 1,2.18923e-07
"R1 seat2 hand[G13] (bidding)",bid 0,1
"R1 seat2 hand[G13] (bidding)",bid 1,2.18923e-07
"R1 seat2 hand[G14] (bidding)",bid 0,1
"R1 seat2 hand[G14] (bidding)",bid 1,2.18923e-07
"R1 seat2 hand[G1] (bidding)",bid 0,1
"R1 seat2 hand[G1] (bidding)",bid 1,2.18923e-07
"R1 seat2 hand[G2] (bidding)",bid 0,1
"R1 seat2 hand[G2] (bidding)",bid 1,2.18923e-07
"R1 seat2 hand[G3] (bidding)",bid 0,1
"R1 seat2 hand[G3] (bidding)",bid 1,2.18923e-07
"R1 seat2 hand[G4] (bidding)",bid 0,1
"R1 seat2 hand[G4] (bidding)",bid 1,2.18923e-07
"R1 seat2 hand[G5] (bidding)",bid 0,1
"R1 seat2 hand[G5] (bidding)",bid 1,2.18923e-07
"R1 seat2 hand[G6] (bidding)",bid 0,1
"R1 seat2 hand[G6] (bidding)",bid 1,2.18923e-07
"R1 seat2 hand[G7] (bidding)",bid 0,1
"R1 seat2 hand[G7] (bidding)",bid 1,2.18923e-07
"R1 seat2 hand[G8] (bidding)",bid 0,1
"R1 seat2 hand[G8] (bidding)",bid 1,2.18923e-07
"R1 seat2 hand[G9] (bidding)",bid 0,1
"R1 seat2 hand[G9] (bidding)",bid 1,2.18923e-07
"R1 seat2 hand[Mermaid] (bidding)",bid 0,2.18923e-07
"R1 seat2 hand[Mermaid] (bidding)",bid 1,1
"R1 seat2 hand[P10] (bidding)",bid 0,1
"R1 seat2 hand[P10] (bidding)",bid 1,2.18923e-07
"R1 seat2 hand[P11] (bidding)",bid 0,1
"R1 seat2 hand[P11] (bidding)",bid 1,2.18923e-07
"R1 seat2 hand[P12] (bidding)",bid 0,1
"R1 seat2 hand[P12] (bidding)",bid 1,2.18923e-07
"R1 seat2 hand[P13] (bidding)",bid 0,1
"R1 seat2 hand[P13] (bidding)",bid 1,2.18923e-07
"R1 seat2 hand[P14] (bidding)",bid 0,1
"R1 seat2 hand[P14] (bidding)",bid 1,2.18923e-07
"R1 seat2 hand[P1] (bidding)",bid 0,1
"R1 seat2 hand[P1] (bidding)",bid 1,2.18923e-07
"R1 seat2 hand[P2] (bidding)",bid 0,1
"R1 seat2 hand[P2] (bidding)",bid 1,2.18923e-07
"R1 seat2 hand[P3] (bidding)",bid 0,1
"R1 seat2 hand[P3] (bidding)",bid 1,2.18923e-07
"R1 seat2 hand[P4] (bidding)",bid 0,1
"R1 seat2 hand[P4] (bidding)",bid 1,2.18923e-07
"R1 seat2 hand[P5] (bidding)",bid 0,1
"R1 seat2 hand[P5] (bidding)",bid 1,2.18923e-07
"R1 seat2 hand[P6] (bidding)",bid 0,1
"R1 seat2 hand[P6] (bidding)",bid 1,2.18923e-07
"R1 seat2 hand[P7] (bidding)",bid 0,1
"R1 seat2 hand[P7] (bidding)",bid 1,2.18923e-07
"R1 seat2 hand[P8] (bidding)",bid 0,1
"R1 seat2 hand[P8] (bidding)",bid 1,2.18923e-07
"R1 seat2 hand[P9] (bidding)",bid 0,1
"R1 seat2 hand[P9] (bidding)",bid 1,2.18923e-07
"R1 seat2 hand[Pirate] (bidding)",bid 0,2.18923e-07
"R1 seat2 hand[Pirate] (bidding)",bid 1,1
"R1 seat2 hand[SkullKing] (bidding)",bid 0,2.18923e-07
"R1 seat2 hand[SkullKing] (bidding)",bid 1,1
"R1 seat2 hand[Tigress] (bidding)",bid 0,2.18923e-07
"R1 seat2 hand[Tigress] (bidding)",bid 1,1
"R1 seat2 hand[Y10] (bidding)",bid 0,1
"R1 seat2 hand[Y10] (bidding)",bid 1,2.18923e-07
"R1 seat2 hand[Y11] (bidding)",bid 0,1
"R1 seat2 hand[Y11] (bidding)",bid 1,2.18923e-07
"R1 seat2 hand[Y12] (bidding)",bid 0,1
"R1 seat2 hand[Y12] (bidding)",bid 1,2.18923e-07
"R1 seat2 hand[Y13] (bidding)",bid 0,1
"R1 seat2 hand[Y13] (bidding)",bid 1,2.18923e-07
"R1 seat2 hand[Y14] (bidding)",bid 0,1
"R1 seat2 hand[Y14] (bidding)",bid 1,2.18923e-07
"R1 seat2 hand[Y1] (bidding)",bid 0,1
"R1 seat2 hand[Y1] (bidding)",bid 1,2.18923e-07
"R1 seat2 hand[Y2] (bidding)",bid 0,1
"R1 seat2 hand[Y2] (bidding)",bid 1,2.18923e-07
"R1 seat2 hand[Y3] (bidding)",bid 0,1
"R1 seat2 hand[Y3] (bidding)",bid 1,2.18923e-07
"R1 seat2 hand[Y4] (bidding)",bid 0,1
"R1 seat2 hand[Y4] (bidding)",bid 1,2.18923e-07
"R1 seat2 hand[Y5] (bidding)",bid 0,1
"R1 seat2 hand[Y5] (bidding)",bid 1,2.18923e-07
"R1 seat2 hand[Y6] (bidding)",bid 0,1
"R1 seat2 hand[Y6] (bidding)",bid 1,2.18923e-07
"R1 seat2 hand[Y7] (bidding)",bid 0,1
"R1 seat2 hand[Y7] (bidding)",bid 1,2.18923e-07
"R1 seat2 hand[Y8] (bidding)",bid 0,1
"R1 seat2 hand[Y8] (bidding)",bid 1,2.18923e-07
"R1 seat2 hand[Y9] (bidding)",bid 0,1
"R1 seat2 hand[Y9] (bidding)",bid 1,2.18923e-07
"R1 seat3 hand[B10] (bidding)",bid 0,2.91897e-07
"R1 seat3 hand[B10] (bidding)",bid 1,1
"R1 seat3 hand[B11] (bidding)",bid 0,2.91897e-07
"R1 seat3 hand[B11] (bidding)",bid 1,1
"R1 seat3 hand[B12] (bidding)",bid 0,2.91897e-07
"R1 seat3 hand[B12] (bidding)",bid 1,1
"R1 seat3 hand[B13] (bidding)",bid 0,2.91897e-07
"R1 seat3 hand[B13] (bidding)",bid 1,1
"R1 seat3 hand[B14] (bidding)",bid 0,2.91897e-07
"R1 seat3 hand[B14] (bidding)",bid 1,1
"R1 seat3 hand[B1] (bidding)",bid 0,1
"R1 seat3 hand[B1] (bidding)",bid 1,2.91897e-07
"R1 seat3 hand[B2] (bidding)",bid 0,1
"R1 seat3 hand[B2] (bidding)",bid 1,2.91897e-07
"R1 seat3 hand[B3] (bidding)",bid 0,1
"R1 seat3 hand[B3] (bidding)",bid 1,2.91897e-07
"R1 seat3 hand[B4] (bidding)",bid 0,1
"R1 seat3 hand[B4] (bidding)",bid 1,2.91897e-07
"R1 seat3 hand[B5] (bidding)",bid 0,2.91897e-07
"R1 seat3 hand[B5] (bidding)",bid 1,1
"R1 seat3 hand[B6] (bidding)",bid 0,2.91897e-07
"R1 seat3 hand[B6] (bidding)",bid 1,1
"R1 seat3 hand[B7] (bidding)",bid 0,2.91897e-07
"R1 seat3 hand[B7] (bidding)",bid 1,1
"R1 seat3 hand[B8] (bidding)",bid 0,2.91897e-07
"R1 seat3 hand[B8] (bidding)",bid 1,1
"R1 seat3 hand[B9] (bidding)",bid 0,2.91897e-07
"R1 seat3 hand[B9] (bidding)",bid 1,1
"R1 seat3 hand[Escape] (bidding)",bid 0,1
"R1 seat3 hand[Escape] (bidding)",bid 1,2.91897e-07
"R1 seat3 hand[G10] (bidding)",bid 0,1
"R1 seat3 hand[G10] (bidding)",bid 1,2.91897e-07
"R1 seat3 hand[G11] (bidding)",bid 0,1
"R1 seat3 hand[G11] (bidding)",bid 1,2.91897e-07
"R1 seat3 hand[G12] (bidding)",bid 0,1
"R1 seat3 hand[G12] (bidding)",bid 1,2.91897e-07
"R1 seat3 hand[G13] (bidding)",bid 0,1
"R1 seat3 hand[G13] (bidding)",bid 1,2.91897e-07
"R1 seat3 hand[G14] (bidding)",bid 0,1
"R1 seat3 hand[G14] (bidding)",bid 1,2.91897e-07
"R1 seat3 hand[G1] (bidding)",bid 0,1
"R1 seat3 hand[G1] (bidding)",bid 1,2.91897e-07
"R1 seat3 hand[G2] (bidding)",bid 0,1
"R1 seat3 hand[G2] (bidding)",bid 1,2.91897e-07
"R1 seat3 hand[G3] (bidding)",bid 0,1
"R1 seat3 hand[G3] (bidding)",bid 1,2.91897e-07
"R1 seat3 hand[G4] (bidding)",bid 0,1
"R1 seat3 hand[G4] (bidding)",bid 1,2.91897e-07
"R1 seat3 hand[G5] (bidding)",bid 0,1
"R1 seat3 hand[G5] (bidding)",bid 1,2.91897e-07
"R1 seat3 hand[G6] (bidding)",bid 0,1
"R1 seat3 hand[G6] (bidding)",bid 1,2.91897e-07
"R1 seat3 hand[G7] (bidding)",bid 0,1
"R1 seat3 hand[G7] (bidding)",bid 1,2.91897e-07
"R1 seat3 hand[G8] (bidding)",bid 0,1
"R1 seat3 hand[G8] (bidding)",bid 1,2.91897e-07
"R1 seat3 hand[G9] (bidding)",bid 0,1
"R1 seat3 hand[G9] (bidding)",bid 1,2.91897e-07
"R1 seat3 hand[Mermaid] (bidding)",bid 0,2.91897e-07
"R1 seat3 hand[Mermaid] (bidding)",bid 1,1
"R1 seat3 hand[P10] (bidding)",bid 0,1
"R1 seat3 hand[P10] (bidding)",bid 1,2.91897e-07
"R1 seat3 hand[P11] (bidding)",bid 0,1
"R1 seat3 hand[P11] (bidding)",bid 1,2.91897e-07
"R1 seat3 hand[P12] (bidding)",bid 0,1
"R1 seat3 hand[P12] (bidding)",bid 1,2.91897e-07
"R1 seat3 hand[P13] (bidding)",bid 0,1
"R1 seat3 hand[P13] (bidding)",bid 1,2.91897e-07
"R1 seat3 hand[P14] (bidding)",bid 0,1
"R1 seat3 hand[P14] (bidding)",bid 1,2.91897e-07
"R1 seat3 hand[P1] (bidding)",bid 0,1
"R1 seat3 hand[P1] (bidding)",bid 1,2.91897e-07
"R1 seat3 hand[P2] (bidding)",bid 0,1
"R1 seat3 hand[P2] (bidding)",bid 1,2.91897e-07
"R1 seat3 hand[P3] (bidding)",bid 0,1
"R1 seat3 hand[P3] (bidding)",bid 1,2.91897e-07
"R1 seat3 hand[P4] (bidding)",bid 0,1
"R1 seat3 hand[P4] (bidding)",bid 1,2.91897e-07
"R1 seat3 hand[P5] (bidding)",bid 0,1
"R1 seat3 hand[P5] (bidding)",bid 1,2.91897e-07
"R1 seat3 hand[P6] (bidding)",bid 0,1
"R1 seat3 hand[P6] (bidding)",bid 1,2.91897e-07
"R1 seat3 hand[P7] (bidding)",bid 0,1
"R1 seat3 hand[P7] (bidding)",bid 1,2.91897e-07
"R1 seat3 hand[P8] (bidding)",bid 0,1
"R1 seat3 hand[P8] (bidding)",bid 1,2.91897e-07
"R1 seat3 hand[P9] (bidding)",bid 0,1
"R1 seat3 hand[P9] (bidding)",bid 1,2.91897e-07
"R1 seat3 hand[Pirate] (bidding)",bid 0,2.91897e-07
"R1 seat3 hand[Pirate] (bidding)",bid 1,1
"R1 seat3 hand[SkullKing] (bidding)",bid 0,2.91897e-07
"R1 seat3 hand[SkullKing] (bidding)",bid 1,1
"R1 seat3 hand[Tigress] (bidding)",bid 0,2.91897e-07
"R1 seat3 hand[Tigress] (bidding)",bid 1,1
"R1 seat3 hand[Y10] (bidding)",bid 0,1
"R1 seat3 hand[Y10] (bidding)",bid 1,2.91897e-07
"R1 seat3 hand[Y11] (bidding)",bid 0,1
"R1 seat3 hand[Y11] (bidding)",bid 1,2.91897e-07
"R1 seat3 hand[Y12] (bidding)",bid 0,1
"R1 seat3 hand[Y12] (bidding)",bid 1,2.91897e-07
"R1 seat3 hand[Y13] (bidding)",bid 0,1
"R1 seat3 hand[Y13] (bidding)",bid 1,2.91897e-07
"R1 seat3 hand[Y14] (bidding)",bid 0,1
"R1 seat3 hand[Y14] (bidding)",bid 1,2.91897e-07
"R1 seat3 hand[Y1] (bidding)",bid 0,1
"R1 seat3 hand[Y1] (bidding)",bid 1,2.91897e-07
"R1 seat3 hand[Y2] (bidding)",bid 0,1
"R1 seat3 hand[Y2] (bidding)",bid 1,2.91897e-07
"R1 seat3 hand[Y3] (bidding)",bid 0,1
"R1 seat3 hand[Y3] (bidding)",bid 1,2.91897e-07
"R1 seat3 hand[Y4] (bidding)",bid 0,1
"R1 seat3 hand[Y4] (bidding)",bid 1,2.91897e-07
"R1 seat3 hand[Y5] (bidding)",bid 0,1
"R1 seat3 hand[Y5] (bidding)",bid 1,2.91897e-07
"R1 seat3 hand[Y6] (bidding)",bid 0,1
"R1 seat3 hand[Y6] (bidding)",bid 1,2.91897e-07
"R1 seat3 hand[Y7] (bidding)",bid 0,1
"R1 seat3 hand[Y7] (bidding)",bid 1,2.91897e-07
"R1 seat3 hand[Y8] (bidding)",bid 0,1
"R1 seat3 hand[Y8] (bidding)",bid 1,2.91897e-07
"R1 seat3 hand[Y9] (bidding)",bid 0,1
"R1 seat3 hand[Y9] (bidding)",bid 1,2.91897e-07
"R1 seat4 hand[B10] (bidding)",bid 0,4.37845e-07
"R1 seat4 hand[B10] (bidding)",bid 1,1
"R1 seat4 hand[B11] (bidding)",bid 0,4.37845e-07
"R1 seat4 hand[B11] (bidding)",bid 1,1
"R1 seat4 hand[B12] (bidding)",bid 0,4.37845e-07
"R1 seat4 hand[B12] (bidding)",bid 1,1
"R1 seat4 hand[B13] (bidding)",bid 0,4.37845e-07
"R1 seat4 hand[B13] (bidding)",bid 1,1
"R1 seat4 hand[B14] (bidding)",bid 0,4.37845e-07
"R1 seat4 hand[B14] (bidding)",bid 1,1
"R1 seat4 hand[B1] (bidding)",bid 0,1
"R1 seat4 hand[B1] (bidding)",bid 1,4.37845e-07
"R1 seat4 hand[B2] (bidding)",bid 0,1
"R1 seat4 hand[B2] (bidding)",bid 1,4.37845e-07
"R1 seat4 hand[B3] (bidding)",bid 0,1
"R1 seat4 hand[B3] (bidding)",bid 1,4.37845e-07
"R1 seat4 hand[B4] (bidding)",bid 0,1
"R1 seat4 hand[B4] (bidding)",bid 1,4.37845e-07
"R1 seat4 hand[B5] (bidding)",bid 0,4.37845e-07
"R1 seat4 hand[B5] (bidding)",bid 1,1
"R1 seat4 hand[B6] (bidding)",bid 0,4.37845e-07
"R1 seat4 hand[B6] (bidding)",bid 1,1
"R1 seat4 hand[B7] (bidding)",bid 0,4.37845e-07
"R1 seat4 hand[B7] (bidding)",bid 1,1
"R1 seat4 hand[B8] (bidding)",bid 0,4.37845e-07
"R1 seat4 hand[B8] (bidding)",bid 1,1
"R1 seat4 hand[B9] (bidding)",bid 0,4.37845e-07
"R1 seat4 hand[B9] (bidding)",bid 1,1
"R1 seat4 hand[Escape] (bidding)",bid 0,1
"R1 seat4 hand[Escape] (bidding)",bid 1,4.37845e-07
"R1 seat4 hand[G10] (bidding)",bid 0,1
"R1 seat4 hand[G10] (bidding)",bid 1,4.37845e-07
"R1 seat4 hand[G11] (bidding)",bid 0,1
"R1 seat4 hand[G11] (bidding)",bid 1,4.37845e-07
"R1 seat4 hand[G12] (bidding)",bid 0,1
"R1 seat4 hand[G12] (bidding)",bid 1,4.37845e-07
"R1 seat4 hand[G13] (bidding)",bid 0,1
"R1 seat4 hand[G13] (bidding)",bid 1,4.37845e-07
"R1 seat4 hand[G14] (bidding)",bid 0,1
"R1 seat4 hand[G14] (bidding)",bid 1,4.37845e-07
"R1 seat4 hand[G1] (bidding)",bid 0,1
"R1 seat4 hand[G1] (bidding)",bid 1,4.37845e-07
"R1 seat4 hand[G2] (bidding)",bid 0,1
"R1 seat4 hand[G2] (bidding)",bid 1,4.37845e-07
"R1 seat4 hand[G3] (bidding)",bid 0,1
"R1 seat4 hand[G3] (bidding)",bid 1,4.37845e-07
"R1 seat4 hand[G4] (bidding)",bid 0,1
"R1 seat4 hand[G4] (bidding)",bid 1,4.37845e-07
"R1 seat4 hand[G5] (bidding)",bid 0,1
"R1 seat4 hand[G5] (bidding)",bid 1,4.37845e-07
"R1 seat4 hand[G6] (bidding)",bid 0,1
"R1 seat4 hand[G6] (bidding)",bid 1,4.37845e-07
"R1 seat4 hand[G7] (bidding)",bid 0,1
"R1 seat4 hand[G7] (bidding)",bid 1,4.37845e-07
"R1 seat4 hand[G8] (bidding)",bid 0,1
"R1 seat4 hand[G8] (bidding)",bid 1,4.37845e-07
"R1 seat4 hand[G9] (bidding)",bid 0,1
"R1 seat4 hand[G9] (bidding)",bid 1,4.37845e-07
"R1 seat4 hand[Mermaid] (bidding)",bid 0,4.37845e-07
"R1 seat4 hand[Mermaid] (bidding)",bid 1,1
"R1 seat4 hand[P10] (bidding)",bid 0,1
"R1 seat4 hand[P10] (bidding)",bid 1,4.37845e-07
"R1 seat4 hand[P11] (bidding)",bid 0,1
"R1 seat4 hand[P11] (bidding)",bid 1,4.37845e-07
"R1 seat4 hand[P12] (bidding)",bid 0,1
"R1 seat4 hand[P12] (bidding)",bid 1,4.37845e-07
"R1 seat4 hand[P13] (bidding)",bid 0,1
"R1 seat4 hand[P13] (bidding)",bid 1,4.37845e-07
"R1 seat4 hand[P14] (bidding)",bid 0,1
"R1 seat4 hand[P14] (bidding)",bid 1,4.37845e-07
"R1 seat4 hand[P1] (bidding)",bid 0,1
"R1 seat4 hand[P1] (bidding)",bid 1,4.37845e-07
"R1 seat4 hand[P2] (bidding)",bid 0,1
"R1 seat4 hand[P2] (bidding)",bid 1,4.37845e-07
"R1 seat4 hand[P3] (bidding)",bid 0,1
"R1 seat4 hand[P3] (bidding)",bid 1,4.37845e-07
"R1 seat4 hand[P4] (bidding)",bid 0,1
"R1 seat4 hand[P4] (bidding)",bid 1,4.37845e-07
"R1 seat4 hand[P5] (bidding)",bid 0,1
"R1 seat4 hand[P5] (bidding)",bid 1,4.37845e-07
"R1 seat4 hand[P6] (bidding)",bid 0,1
"R1 seat4 hand[P6] (bidding)",bid 1,4.37845e-07
"R1 seat4 hand[P7] (bidding)",bid 0,1
"R1 seat4 hand[P7] (bidding)",bid 1,4.37845e-07
"R1 seat4 hand[P8] (bidding)",bid 0,1
"R1 seat4 hand[P8] (bidding)",bid 1,4.37845e-07
"R1 seat4 hand[P9] (bidding)",bid 0,1
"R1 seat4 hand[P9] (bidding)",bid 1,4.37845e-07
"R1 seat4 hand[Pirate] (bidding)",bid 0,4.37845e-07
"R1 seat4 hand[Pirate] (bidding)",bid 1,1
"R1 seat4 hand[SkullKing] (bidding)",bid 0,4.37845e-07
"R1 seat4 hand[SkullKing] (bidding)",bid 1,1
"R1 seat4 hand[Tigress] (bidding)",bid 0,4.37845e-07
"R1 seat4 hand[Tigress] (bidding)",bid 1,1
"R1 seat4 hand[Y10] (bidding)",bid 0,1
"R1 seat4 hand[Y10] (bidding)",bid 1,4.37845e-07
"R1 seat4 hand[Y11] (bidding)",bid 0,1
"R1 seat4 hand[Y11] (bidding)",bid 1,4.37845e-07
"R1 seat4 hand[Y12] (bidding)",bid 0,1
"R1 seat4 hand[Y12] (bidding)",bid 1,4.37845e-07
"R1 seat4 hand[Y13] (bidding)",bid 0,1
"R1 seat4 hand[Y13] (bidding)",bid 1,4.37845e-07
"R1 seat4 hand[Y14] (bidding)",bid 0,1
"R1 seat4 hand[Y14] (bidding)",bid 1,4.37845e-07
"R1 seat4 hand[Y1] (bidding)",bid 0,1
"R1 seat4 hand[Y1] (bidding)",bid 1,4.37845e-07
"R1 seat4 hand[Y2] (bidding)",bid 0,1
"R1 seat4 hand[Y2] (bidding)",bid 1,4.37845e-07
"R1 seat4 hand[Y3] (bidding)",bid 0,1
"R1 seat4 hand[Y3] (bidding)",bid 1,4.37845e-07
"R1 seat4 hand[Y4] (bidding)",bid 0,1
"R1 seat4 hand[Y4] (bidding)",bid 1,4.37845e-07
"R1 seat4 hand[Y5] (bidding)",bid 0,1
"R1 seat4 hand[Y5] (bidding)",bid 1,4.37845e-07
"R1 seat4 hand[Y6] (bidding)",bid 0,1
"R1 seat4 hand[Y6] (bidding)",bid 1,4.37845e-07
"R1 seat4 hand[Y7] (bidding)",bid 0,1
"R1 seat4 hand[Y7] (bidding)",bid 1,4.37845e-07
"R1 seat4 hand[Y8] (bidding)",bid 0,1
"R1 seat4 hand[Y8] (bidding)",bid 1,4.37845e-07
"R1 seat4 hand[Y9] (bidding)",bid 0,1
"R1 seat4 hand[Y9] (bidding)",bid 1,4.37845e-07
